"Date","Company","Close","MA7","MA30","Tariff_Period"
2025-01-02,"JFC",268,NA,NA,"Before"
2025-01-02,"URC",78.7,NA,NA,"Before"
2025-01-02,"CNPF",42,NA,NA,"Before"
2025-01-02,"GSMI",272.2514,NA,NA,"Before"
2025-01-02,"MONDE",8.6,NA,NA,"Before"
2025-01-03,"JFC",266.6,NA,NA,"Before"
2025-01-03,"URC",79.8,NA,NA,"Before"
2025-01-03,"CNPF",42.15,NA,NA,"Before"
2025-01-03,"GSMI",271.2614,NA,NA,"Before"
2025-01-03,"MONDE",8.4,NA,NA,"Before"
2025-01-06,"JFC",261,NA,NA,"Before"
2025-01-06,"URC",82.4,NA,NA,"Before"
2025-01-06,"CNPF",42.9,NA,NA,"Before"
2025-01-06,"GSMI",269.0834,NA,NA,"Before"
2025-01-06,"MONDE",8.33,NA,NA,"Before"
2025-01-07,"JFC",264,NA,NA,"Before"
2025-01-07,"URC",80,NA,NA,"Before"
2025-01-07,"CNPF",43.25,NA,NA,"Before"
2025-01-07,"GSMI",269.2814,NA,NA,"Before"
2025-01-07,"MONDE",8.22,NA,NA,"Before"
2025-01-08,"JFC",267,NA,NA,"Before"
2025-01-08,"URC",77.65,NA,NA,"Before"
2025-01-08,"CNPF",43.5,NA,NA,"Before"
2025-01-08,"GSMI",274.8254,NA,NA,"Before"
2025-01-08,"MONDE",8.05,NA,NA,"Before"
2025-01-09,"JFC",264.6,NA,NA,"Before"
2025-01-09,"URC",79.15,NA,NA,"Before"
2025-01-09,"CNPF",43.5,NA,NA,"Before"
2025-01-09,"GSMI",275.0234,NA,NA,"Before"
2025-01-09,"MONDE",7.9,NA,NA,"Before"
2025-01-10,"JFC",262.4,264.8,NA,"Before"
2025-01-10,"URC",78.75,79.4928571428571,NA,"Before"
2025-01-10,"CNPF",44.5,43.1142857142857,NA,"Before"
2025-01-10,"GSMI",270.2714,271.713971428571,NA,"Before"
2025-01-10,"MONDE",7.85,8.19285714285714,NA,"Before"
2025-01-13,"JFC",255,262.942857142857,NA,"Before"
2025-01-13,"URC",75,78.9642857142857,NA,"Before"
2025-01-13,"CNPF",44.15,43.4214285714286,NA,"Before"
2025-01-13,"GSMI",272.2514,271.713971428571,NA,"Before"
2025-01-13,"MONDE",7.62,8.05285714285714,NA,"Before"
2025-01-14,"JFC",251.4,260.771428571429,NA,"Before"
2025-01-14,"URC",69.8,77.5357142857143,NA,"Before"
2025-01-14,"CNPF",43.95,43.6785714285714,NA,"Before"
2025-01-14,"GSMI",271.8554,271.798828571429,NA,"Before"
2025-01-14,"MONDE",7.2,7.88142857142857,NA,"Before"
2025-01-15,"JFC",251.4,259.4,NA,"Before"
2025-01-15,"URC",69.95,75.7571428571429,NA,"Before"
2025-01-15,"CNPF",43.15,43.7142857142857,NA,"Before"
2025-01-15,"GSMI",270.2714,271.968542857143,NA,"Before"
2025-01-15,"MONDE",7,7.69142857142857,NA,"Before"
2025-01-16,"JFC",242.6,256.342857142857,NA,"Before"
2025-01-16,"URC",68,74.0428571428572,NA,"Before"
2025-01-16,"CNPF",43.25,43.7142857142857,NA,"Before"
2025-01-16,"GSMI",272.2514,272.392828571429,NA,"Before"
2025-01-16,"MONDE",7.15,7.53857142857143,NA,"Before"
2025-01-17,"JFC",247,253.485714285714,NA,"Before"
2025-01-17,"URC",68.6,72.75,NA,"Before"
2025-01-17,"CNPF",43.5,43.7142857142857,NA,"Before"
2025-01-17,"GSMI",272.2514,272.025114285714,NA,"Before"
2025-01-17,"MONDE",6.8,7.36,NA,"Before"
2025-01-20,"JFC",247,250.971428571429,NA,"After"
2025-01-20,"URC",68.8,71.2714285714286,NA,"After"
2025-01-20,"CNPF",44,43.7857142857143,NA,"After"
2025-01-20,"GSMI",272.2514,271.629114285714,NA,"After"
2025-01-20,"MONDE",7.05,7.23857142857143,NA,"After"
2025-01-21,"JFC",247,248.771428571429,NA,"After"
2025-01-21,"URC",66,69.45,NA,"After"
2025-01-21,"CNPF",43.15,43.5928571428571,NA,"After"
2025-01-21,"GSMI",271.2614,271.770542857143,NA,"After"
2025-01-21,"MONDE",7.05,7.12428571428571,NA,"After"
2025-01-22,"JFC",245,247.342857142857,NA,"After"
2025-01-22,"URC",64.5,67.95,NA,"After"
2025-01-22,"CNPF",44.25,43.6071428571429,NA,"After"
2025-01-22,"GSMI",272.2514,271.770542857143,NA,"After"
2025-01-22,"MONDE",7.2,7.06428571428571,NA,"After"
2025-01-23,"JFC",248.6,246.942857142857,NA,"After"
2025-01-23,"URC",66.95,67.5428571428571,NA,"After"
2025-01-23,"CNPF",42.9,43.4571428571429,NA,"After"
2025-01-23,"GSMI",272.2514,271.827114285714,NA,"After"
2025-01-23,"MONDE",7.27,7.07428571428571,NA,"After"
2025-01-24,"JFC",247.6,246.4,NA,"After"
2025-01-24,"URC",66.9,67.1071428571429,NA,"After"
2025-01-24,"CNPF",41.7,43.25,NA,"After"
2025-01-24,"GSMI",271.2614,271.968542857143,NA,"After"
2025-01-24,"MONDE",7.01,7.07571428571429,NA,"After"
2025-01-27,"JFC",238.2,245.771428571429,NA,"After"
2025-01-27,"URC",65.5,66.75,NA,"After"
2025-01-27,"CNPF",40.5,42.8571428571429,NA,"After"
2025-01-27,"GSMI",271.2614,271.827114285714,NA,"After"
2025-01-27,"MONDE",6.81,7.02714285714286,NA,"After"
2025-01-28,"JFC",242,245.057142857143,NA,"After"
2025-01-28,"URC",64.8,66.2071428571429,NA,"After"
2025-01-28,"CNPF",39.85,42.3357142857143,NA,"After"
2025-01-28,"GSMI",270.8654,271.629114285714,NA,"After"
2025-01-28,"MONDE",6.99,7.05428571428571,NA,"After"
2025-01-30,"JFC",236.6,243.571428571429,NA,"After"
2025-01-30,"URC",64.35,65.5714285714286,NA,"After"
2025-01-30,"CNPF",40.85,41.8857142857143,NA,"After"
2025-01-30,"GSMI",269.2814,271.204828571429,NA,"After"
2025-01-30,"MONDE",6.9,7.03285714285714,NA,"After"
2025-01-31,"JFC",222,240,NA,"After"
2025-01-31,"URC",60.8,64.8285714285714,NA,"After"
2025-01-31,"CNPF",36.65,40.9571428571429,NA,"After"
2025-01-31,"GSMI",269.6774,270.978542857143,NA,"After"
2025-01-31,"MONDE",6.65,6.97571428571429,NA,"After"
2025-02-03,"JFC",226,237.285714285714,NA,"After"
2025-02-03,"URC",57.9,63.8857142857143,NA,"After"
2025-02-03,"CNPF",40.5,40.4214285714286,NA,"After"
2025-02-03,"GSMI",269.6774,270.610828571429,NA,"After"
2025-02-03,"MONDE",6.8,6.91857142857143,NA,"After"
2025-02-04,"JFC",235,235.342857142857,NA,"After"
2025-02-04,"URC",57.95,62.6,NA,"After"
2025-02-04,"CNPF",41.75,40.2571428571429,NA,"After"
2025-02-04,"GSMI",269.6774,270.243114285714,NA,"After"
2025-02-04,"MONDE",7.2,6.90857142857143,NA,"After"
2025-02-05,"JFC",244.6,234.914285714286,NA,"After"
2025-02-05,"URC",61.65,61.85,NA,"After"
2025-02-05,"CNPF",41.5,40.2285714285714,NA,"After"
2025-02-05,"GSMI",271.2614,270.243114285714,NA,"After"
2025-02-05,"MONDE",7.78,7.01857142857143,NA,"After"
2025-02-06,"JFC",243,235.6,NA,"After"
2025-02-06,"URC",62.5,61.4214285714286,NA,"After"
2025-02-06,"CNPF",40.95,40.2928571428571,NA,"After"
2025-02-06,"GSMI",271.8554,270.327971428571,NA,"After"
2025-02-06,"MONDE",7.77,7.15571428571429,NA,"After"
2025-02-07,"JFC",236.2,234.771428571429,NA,"After"
2025-02-07,"URC",62.6,61.1071428571429,NA,"After"
2025-02-07,"CNPF",39.8,40.2857142857143,NA,"After"
2025-02-07,"GSMI",277.2014,271.233114285714,NA,"After"
2025-02-07,"MONDE",7.6,7.24285714285714,NA,"After"
2025-02-10,"JFC",232.6,234.2,NA,"After"
2025-02-10,"URC",63,60.9142857142857,NA,"After"
2025-02-10,"CNPF",40,40.1642857142857,NA,"After"
2025-02-10,"GSMI",276.2114,272.223114285714,NA,"After"
2025-02-10,"MONDE",7.57,7.33857142857143,NA,"After"
2025-02-11,"JFC",236,236.2,NA,"After"
2025-02-11,"URC",61.9,61.0714285714286,NA,"After"
2025-02-11,"CNPF",38.75,40.4642857142857,NA,"After"
2025-02-11,"GSMI",277.0034,273.269685714286,NA,"After"
2025-02-11,"MONDE",7.55,7.46714285714286,NA,"After"
2025-02-12,"JFC",237,237.771428571429,NA,"After"
2025-02-12,"URC",61.2,61.5428571428571,NA,"After"
2025-02-12,"CNPF",40,40.3928571428571,NA,"After"
2025-02-12,"GSMI",277.2014,274.344542857143,NA,"After"
2025-02-12,"MONDE",8,7.63857142857143,NA,"After"
2025-02-13,"JFC",262.4,241.685714285714,247.593333333333,"After"
2025-02-13,"URC",61.8,62.0928571428571,68.23,"After"
2025-02-13,"CNPF",39,40,41.8633333333333,"After"
2025-02-13,"GSMI",273.2414,274.853685714286,272.1524,"After"
2025-02-13,"MONDE",8,7.75285714285714,7.47733333333333,"After"
2025-02-14,"JFC",259.2,243.771428571429,247.3,"After"
2025-02-14,"URC",62.95,62.2785714285714,67.705,"After"
2025-02-14,"CNPF",38.8,39.6142857142857,41.7566666666667,"After"
2025-02-14,"GSMI",273.0434,275.108257142857,272.1788,"After"
2025-02-14,"MONDE",7.9,7.77,7.454,"After"
2025-02-17,"JFC",253,245.2,246.846666666667,"After"
2025-02-17,"URC",63.95,62.4857142857143,67.1766666666667,"After"
2025-02-17,"CNPF",37.8,39.1642857142857,41.6116666666667,"After"
2025-02-17,"GSMI",270.2714,274.881971428571,272.1458,"After"
2025-02-17,"MONDE",8.15,7.82428571428571,7.44566666666667,"After"
2025-02-18,"JFC",257,248.171428571429,246.713333333333,"After"
2025-02-18,"URC",66.75,63.0785714285714,66.655,"After"
2025-02-18,"CNPF",38.5,38.9785714285714,41.465,"After"
2025-02-18,"GSMI",271.2614,274.0334,272.2184,"After"
2025-02-18,"MONDE",8.45,7.94571428571429,7.44966666666667,"After"
2025-02-19,"JFC",252.2,250.971428571429,246.32,"After"
2025-02-19,"URC",71.5,64.2928571428571,66.3716666666667,"After"
2025-02-19,"CNPF",39.4,38.8928571428571,41.3366666666667,"After"
2025-02-19,"GSMI",272.0534,273.4394,272.3108,"After"
2025-02-19,"MONDE",8.42,8.06714285714286,7.45633333333333,"After"
2025-02-20,"JFC",258,254.114285714286,246.02,"After"
2025-02-20,"URC",70.7,65.55,66.14,"After"
2025-02-20,"CNPF",39.4,38.9857142857143,41.2,"After"
2025-02-20,"GSMI",276.0134,273.297971428571,272.3504,"After"
2025-02-20,"MONDE",7.9,8.11714285714286,7.45133333333333,"After"
2025-02-21,"JFC",258.6,257.2,245.82,"After"
2025-02-21,"URC",74.45,67.4428571428572,65.9833333333333,"After"
2025-02-21,"CNPF",38.8,38.8142857142857,41.0433333333333,"After"
2025-02-21,"GSMI",281.9535,273.976842857143,272.581403333333,"After"
2025-02-21,"MONDE",8.05,8.12428571428572,7.45633333333333,"After"
2025-02-24,"JFC",254,256,245.54,"After"
2025-02-24,"URC",70.05,68.6214285714286,65.6933333333333,"After"
2025-02-24,"CNPF",38.8,38.7857142857143,40.8533333333333,"After"
2025-02-24,"GSMI",281.1614,275.108271428571,272.944403333333,"After"
2025-02-24,"MONDE",8,8.12428571428572,7.46133333333333,"After"
2025-02-25,"JFC",259,255.971428571429,245.673333333333,"After"
2025-02-25,"URC",67,69.2,65.4266666666667,"After"
2025-02-25,"CNPF",39.5,38.8857142857143,40.6983333333333,"After"
2025-02-25,"GSMI",296.6055,278.474285714286,273.756206666667,"After"
2025-02-25,"MONDE",7.9,8.12428571428572,7.47066666666667,"After"
2025-02-26,"JFC",268,258.114285714286,246.226666666667,"After"
2025-02-26,"URC",71,70.2071428571429,65.4666666666667,"After"
2025-02-26,"CNPF",38.65,39.0071428571429,40.5216666666667,"After"
2025-02-26,"GSMI",295.0215,282.010014285714,274.52841,"After"
2025-02-26,"MONDE",7.88,8.08571428571429,7.49333333333333,"After"
2025-02-27,"JFC",266,259.4,246.713333333333,"After"
2025-02-27,"URC",68.2,70.4142857142857,65.4083333333333,"After"
2025-02-27,"CNPF",39,39.0785714285714,40.3833333333333,"After"
2025-02-27,"GSMI",296.6055,285.6306,275.406213333333,"After"
2025-02-27,"MONDE",7.99,8.02,7.52633333333333,"After"
2025-02-28,"JFC",257.2,260.114285714286,247.2,"After"
2025-02-28,"URC",66.2,69.6571428571429,65.3483333333333,"After"
2025-02-28,"CNPF",40.4,39.2214285714286,40.2883333333333,"After"
2025-02-28,"GSMI",294.8235,288.883471428571,276.158616666667,"After"
2025-02-28,"MONDE",7.55,7.89571428571429,7.53966666666667,"After"
2025-03-03,"JFC",258,260.114285714286,247.566666666667,"After"
2025-03-03,"URC",66.2,69.0142857142857,65.2683333333333,"After"
2025-03-03,"CNPF",40.45,39.3714285714286,40.1866666666667,"After"
2025-03-03,"GSMI",282.1515,289.760342857143,276.48862,"After"
2025-03-03,"MONDE",7.01,7.76857142857143,7.54666666666667,"After"
2025-03-04,"JFC",252,259.171428571429,247.733333333333,"After"
2025-03-04,"URC",68,68.0928571428571,65.2416666666667,"After"
2025-03-04,"CNPF",40.1,39.5571428571429,40.0566666666667,"After"
2025-03-04,"GSMI",296.6055,291.853485714286,277.300423333333,"After"
2025-03-04,"MONDE",7.06,7.62714285714286,7.547,"After"
2025-03-05,"JFC",252,258.885714285714,247.9,"After"
2025-03-05,"URC",71.1,68.2428571428571,65.4116666666667,"After"
2025-03-05,"CNPF",40.8,39.8428571428571,39.9783333333333,"After"
2025-03-05,"GSMI",296.0115,293.974928571429,278.125426666667,"After"
2025-03-05,"MONDE",7.36,7.53571428571429,7.55733333333333,"After"
2025-03-06,"JFC",252,257.885714285714,248.133333333333,"After"
2025-03-06,"URC",72.05,68.9642857142857,65.6633333333333,"After"
2025-03-06,"CNPF",41,40.0571428571429,39.87,"After"
2025-03-06,"GSMI",301.5556,294.682085714286,279.102233333333,"After"
2025-03-06,"MONDE",7.39,7.46285714285714,7.56366666666667,"After"
2025-03-07,"JFC",252.8,255.714285714286,248.273333333333,"After"
2025-03-07,"URC",71.8,69.0785714285714,65.825,"After"
2025-03-07,"CNPF",40.8,40.3642857142857,39.8,"After"
2025-03-07,"GSMI",304.9216,296.096385714286,280.19124,"After"
2025-03-07,"MONDE",7.77,7.44714285714286,7.58033333333333,"After"
2025-03-10,"JFC",264,255.428571428571,248.82,"After"
2025-03-10,"URC",75,70.05,66.095,"After"
2025-03-10,"CNPF",41,40.65,39.7766666666667,"After"
2025-03-10,"GSMI",302.5456,296.944971428571,281.234046666667,"After"
2025-03-10,"MONDE",7.45,7.37,7.595,"After"
2025-03-11,"JFC",264,256.4,249.68,"After"
2025-03-11,"URC",71.75,70.8428571428571,66.3033333333333,"After"
2025-03-11,"CNPF",41,40.7357142857143,39.7933333333333,"After"
2025-03-11,"GSMI",300.9615,297.821828571429,282.22405,"After"
2025-03-11,"MONDE",7.11,7.30714285714286,7.605,"After"
2025-03-12,"JFC",260,256.685714285714,250.28,"After"
2025-03-12,"URC",72,71.6714285714286,66.5433333333333,"After"
2025-03-12,"CNPF",40.2,40.7,39.805,"After"
2025-03-12,"GSMI",299.9715,300.367542857143,283.194253333333,"After"
2025-03-12,"MONDE",7.15,7.32714285714286,7.61033333333333,"After"
2025-03-13,"JFC",257.2,257.428571428571,250.966666666667,"After"
2025-03-13,"URC",70,71.9571428571429,66.7316666666667,"After"
2025-03-13,"CNPF",39.2,40.5714285714286,39.75,"After"
2025-03-13,"GSMI",299.9715,300.8484,284.217256666667,"After"
2025-03-13,"MONDE",7.27,7.35714285714286,7.62266666666667,"After"
2025-03-14,"JFC",260,258.571428571429,252.233333333333,"After"
2025-03-14,"URC",71.5,72.0142857142857,67.0883333333333,"After"
2025-03-14,"CNPF",39.85,40.4357142857143,39.8566666666667,"After"
2025-03-14,"GSMI",300.9615,301.555542857143,285.26006,"After"
2025-03-14,"MONDE",7.2,7.33428571428571,7.641,"After"
2025-03-17,"JFC",258,259.428571428571,253.3,"After"
2025-03-17,"URC",72.3,72.05,67.5683333333333,"After"
2025-03-17,"CNPF",39,40.15,39.8066666666667,"After"
2025-03-17,"GSMI",300.9615,301.470671428571,286.302863333333,"After"
2025-03-17,"MONDE",7.02,7.28142857142857,7.64833333333333,"After"
2025-03-18,"JFC",251.8,259.285714285714,253.86,"After"
2025-03-18,"URC",74.3,72.4071428571429,68.1133333333333,"After"
2025-03-18,"CNPF",39,39.8928571428571,39.715,"After"
2025-03-18,"GSMI",300.9615,300.904942857143,287.345666666667,"After"
2025-03-18,"MONDE",7.04,7.17714285714286,7.643,"After"
2025-03-19,"JFC",250.2,257.314285714286,254.046666666667,"After"
2025-03-19,"URC",75.9,72.5357142857143,68.5883333333333,"After"
2025-03-19,"CNPF",40,39.75,39.665,"After"
2025-03-19,"GSMI",302.4526,300.891657142857,288.385373333333,"After"
2025-03-19,"MONDE",7.04,7.11857142857143,7.61833333333333,"After"
2025-03-20,"JFC",248,255.028571428571,254.213333333333,"After"
2025-03-20,"URC",76,73.1428571428571,69.0383333333333,"After"
2025-03-20,"CNPF",40.2,39.6357142857143,39.64,"After"
2025-03-20,"GSMI",302.2537,301.076257142857,289.39865,"After"
2025-03-20,"MONDE",7.3,7.14571428571429,7.60266666666667,"After"
2025-03-21,"JFC",238,251.885714285714,254.273333333333,"After"
2025-03-21,"URC",76.5,73.7857142857143,69.5016666666667,"After"
2025-03-21,"CNPF",40.9,39.7357142857143,39.6766666666667,"After"
2025-03-21,"GSMI",299.4679,301.004314285714,290.140866666667,"After"
2025-03-21,"MONDE",7.51,7.19714285714286,7.59966666666667,"After"
2025-03-24,"JFC",240,249.428571428571,254.52,"After"
2025-03-24,"URC",75,74.5,69.9016666666667,"After"
2025-03-24,"CNPF",39.4,39.7642857142857,39.6566666666667,"After"
2025-03-24,"GSMI",300.4628,301.0745,290.949246666667,"After"
2025-03-24,"MONDE",7.48,7.22714285714286,7.59666666666667,"After"
2025-03-25,"JFC",232.8,245.542857142857,254.413333333333,"After"
2025-03-25,"URC",76.45,75.2071428571429,70.3866666666667,"After"
2025-03-25,"CNPF",39.05,39.65,39.6666666666667,"After"
2025-03-25,"GSMI",298.473,300.719,291.6649,"After"
2025-03-25,"MONDE",7.3,7.24142857142857,7.58833333333333,"After"
2025-03-26,"JFC",233.6,242.057142857143,254.3,"After"
2025-03-26,"URC",73.7,75.4071428571429,70.8033333333333,"After"
2025-03-26,"CNPF",39.05,39.6571428571429,39.635,"After"
2025-03-26,"GSMI",297.4781,300.221371428571,292.34079,"After"
2025-03-26,"MONDE",7.18,7.26428571428571,7.561,"After"
2025-03-27,"JFC",233,239.371428571429,253.32,"After"
2025-03-27,"URC",72.2,75.1071428571429,71.15,"After"
2025-03-27,"CNPF",38,39.5142857142857,39.6016666666667,"After"
2025-03-27,"GSMI",297.2791,299.695314285714,293.142046666667,"After"
2025-03-27,"MONDE",7.01,7.26,7.528,"After"
2025-03-28,"JFC",233.4,236.971428571429,252.46,"After"
2025-03-28,"URC",71,74.4071428571429,71.4183333333333,"After"
2025-03-28,"CNPF",37.6,39.1714285714286,39.5616666666667,"After"
2025-03-28,"GSMI",299.2689,299.2405,294.01623,"After"
2025-03-28,"MONDE",7,7.25428571428571,7.498,"After"
2025-03-31,"JFC",240,235.828571428571,252.026666666667,"After"
2025-03-31,"URC",70,73.55,71.62,"After"
2025-03-31,"CNPF",36.55,38.65,39.52,"After"
2025-03-31,"GSMI",296.4832,298.416142857143,294.889956666667,"After"
2025-03-31,"MONDE",7.23,7.24428571428571,7.46733333333333,"After"
2025-04-02,"JFC",231.2,234.857142857143,251.166666666667,"After"
2025-04-02,"URC",70.15,72.6428571428572,71.7333333333333,"After"
2025-04-02,"CNPF",35.7,37.9071428571429,39.4266666666667,"After"
2025-04-02,"GSMI",296.2842,297.961328571429,295.72405,"After"
2025-04-02,"MONDE",7.57,7.25285714285714,7.438,"After"
2025-04-03,"JFC",224,232.571428571429,250.226666666667,"After"
2025-04-03,"URC",69.35,71.8357142857143,71.6616666666667,"After"
2025-04-03,"CNPF",34.15,37.1571428571429,39.2516666666667,"After"
2025-04-03,"GSMI",290.5137,296.540028571429,296.339393333333,"After"
2025-04-03,"MONDE",7.35,7.23428571428571,7.40233333333333,"After"
2025-04-04,"JFC",224.2,231.342857142857,249.1,"After"
2025-04-04,"URC",69.9,70.9,71.635,"After"
2025-04-04,"CNPF",34.25,36.4714285714286,39.08,"After"
2025-04-04,"GSMI",293.4985,295.829385714286,296.92223,"After"
2025-04-04,"MONDE",7.19,7.21857142857143,7.37866666666667,"After"
2025-04-07,"JFC",203,226.971428571429,247.246666666667,"After"
2025-04-07,"URC",67,69.9428571428572,71.3866666666667,"After"
2025-04-07,"CNPF",32,35.4642857142857,38.8533333333333,"After"
2025-04-07,"GSMI",290.5137,294.834471428571,297.20757,"After"
2025-04-07,"MONDE",6.7,7.15,7.33366666666667,"After"
2025-04-08,"JFC",217.2,224.714285714286,246.02,"After"
2025-04-08,"URC",67.3,69.2428571428571,71.295,"After"
2025-04-08,"CNPF",34.9,35.0214285714286,38.7233333333333,"After"
2025-04-08,"GSMI",290.5137,293.867985714286,297.519313333333,"After"
2025-04-08,"MONDE",6.99,7.14714285714286,7.3,"After"
2025-04-10,"JFC",214.8,222.057142857143,244.546666666667,"After"
2025-04-10,"URC",70.85,69.2214285714286,71.4233333333333,"After"
2025-04-10,"CNPF",34.7,34.6071428571429,38.5633333333333,"After"
2025-04-10,"GSMI",288.5239,292.332985714286,297.249926666667,"After"
2025-04-10,"MONDE",7.35,7.19714285714286,7.28166666666667,"After"
2025-04-11,"JFC",216,218.628571428571,242.813333333333,"After"
2025-04-11,"URC",71.9,69.4928571428571,71.4533333333333,"After"
2025-04-11,"CNPF",35.05,34.3928571428571,38.4433333333333,"After"
2025-04-11,"GSMI",288.5239,291.195942857143,297.03334,"After"
2025-04-11,"MONDE",7.05,7.17142857142857,7.254,"After"
2025-04-14,"JFC",220.2,217.057142857143,241.286666666667,"After"
2025-04-14,"URC",71,69.6142857142857,71.5466666666667,"After"
2025-04-14,"CNPF",36.8,34.55,38.37,"After"
2025-04-14,"GSMI",288.5239,290.087328571429,296.763953333333,"After"
2025-04-14,"MONDE",7.15,7.11142857142857,7.226,"After"
2025-04-15,"JFC",230.6,218,240.4,"After"
2025-04-15,"URC",69.7,69.6642857142857,71.6633333333333,"After"
2025-04-15,"CNPF",36.05,34.8214285714286,38.225,"After"
2025-04-15,"GSMI",288.5239,289.803071428571,296.553966666667,"After"
2025-04-15,"MONDE",7.02,7.06428571428571,7.20833333333333,"After"
2025-04-16,"JFC",234,219.4,239.6,"After"
2025-04-16,"URC",71,69.8214285714286,71.8233333333333,"After"
2025-04-16,"CNPF",35.45,34.9928571428571,38.0583333333333,"After"
2025-04-16,"GSMI",288.5239,289.092414285714,296.76638,"After"
2025-04-16,"MONDE",7,7.03714285714286,7.208,"After"
2025-04-21,"JFC",233.8,223.8,238.993333333333,"After"
2025-04-21,"URC",69.05,70.1142857142857,71.8583333333333,"After"
2025-04-21,"CNPF",36,35.5642857142857,37.9216666666667,"After"
2025-04-21,"GSMI",288.5239,288.808157142857,296.496993333333,"After"
2025-04-21,"MONDE",7.05,7.08714285714286,7.20766666666667,"After"
2025-04-22,"JFC",226.4,225.114285714286,238.14,"After"
2025-04-22,"URC",71,70.6428571428571,71.855,"After"
2025-04-22,"CNPF",36,35.7214285714286,37.7616666666667,"After"
2025-04-22,"GSMI",287.529,288.381771428571,296.214243333333,"After"
2025-04-22,"MONDE",7.09,7.10142857142857,7.19866666666667,"After"
2025-04-23,"JFC",220.2,225.885714285714,237.08,"After"
2025-04-23,"URC",71.5,70.7357142857143,71.8366666666667,"After"
2025-04-23,"CNPF",36,35.9071428571429,37.595,"After"
2025-04-23,"GSMI",284.7432,287.841671428571,295.65383,"After"
2025-04-23,"MONDE",7.12,7.06857142857143,7.18966666666667,"After"
2025-04-24,"JFC",223.2,226.914285714286,236.093333333333,"After"
2025-04-24,"URC",75.4,71.2357142857143,71.9566666666667,"After"
2025-04-24,"CNPF",37,36.1857142857143,37.4683333333333,"After"
2025-04-24,"GSMI",284.5443,287.273157142857,294.974586666667,"After"
2025-04-24,"MONDE",7.11,7.07714285714286,7.16766666666667,"After"
2025-04-25,"JFC",225,227.6,234.793333333333,"After"
2025-04-25,"URC",81.25,72.7,72.165,"After"
2025-04-25,"CNPF",39,36.5,37.4016666666667,"After"
2025-04-25,"GSMI",288.3249,287.244728571429,294.500563333333,"After"
2025-04-25,"MONDE",7.45,7.12,7.16766666666667,"After"
2025-04-28,"JFC",223.6,226.6,233.446666666667,"After"
2025-04-28,"URC",80.5,74.2428571428571,72.4566666666667,"After"
2025-04-28,"CNPF",39,36.9214285714286,37.335,"After"
2025-04-28,"GSMI",288.3249,287.2163,294.079343333333,"After"
2025-04-28,"MONDE",7.2,7.14571428571429,7.17066666666667,"After"
2025-04-29,"JFC",224,225.171428571429,232.246666666667,"After"
2025-04-29,"URC",84.7,76.2,72.88,"After"
2025-04-29,"CNPF",39,37.4285714285714,37.295,"After"
2025-04-29,"GSMI",283.7483,286.534071428571,293.53857,"After"
2025-04-29,"MONDE",7.5,7.21714285714286,7.18233333333333,"After"
2025-04-30,"JFC",228.8,224.457142857143,231.3,"After"
2025-04-30,"URC",82.75,78.1571428571429,73.305,"After"
2025-04-30,"CNPF",38.15,37.7357142857143,37.26,"After"
2025-04-30,"GSMI",284.5443,285.965557142857,293.02433,"After"
2025-04-30,"MONDE",7.78,7.32142857142857,7.19933333333333,"After"
2025-05-02,"JFC",226.6,224.485714285714,230.186666666667,"After"
2025-05-02,"URC",84,80.0142857142857,73.7216666666667,"After"
2025-05-02,"CNPF",37.95,38.0142857142857,37.1966666666667,"After"
2025-05-02,"GSMI",288.1259,286.050828571429,292.596476666667,"After"
2025-05-02,"MONDE",7.8,7.42285714285714,7.21933333333333,"After"
2025-05-05,"JFC",227.4,225.514285714286,229.166666666667,"After"
2025-05-05,"URC",85.65,82.0357142857143,74.1666666666667,"After"
2025-05-05,"CNPF",38.9,38.4285714285714,37.1933333333333,"After"
2025-05-05,"GSMI",288.5239,286.590928571429,292.18189,"After"
2025-05-05,"MONDE",7.64,7.49714285714286,7.24,"After"
2025-05-06,"JFC",229,226.342857142857,228.406666666667,"After"
2025-05-06,"URC",86.2,83.5785714285714,74.5633333333333,"After"
2025-05-06,"CNPF",39,38.7142857142857,37.1933333333333,"After"
2025-05-06,"GSMI",288.5239,287.159442857143,291.767303333333,"After"
2025-05-06,"MONDE",7.66,7.57571428571429,7.26066666666667,"After"
2025-05-07,"JFC",235,227.771428571429,227.9,"After"
2025-05-07,"URC",86.9,84.3857142857143,74.93,"After"
2025-05-07,"CNPF",39.5,38.7857142857143,37.1766666666667,"After"
2025-05-07,"GSMI",287.529,287.045742857143,291.26985,"After"
2025-05-07,"MONDE",8.04,7.66,7.294,"After"
2025-05-08,"JFC",231.4,228.885714285714,227.346666666667,"After"
2025-05-08,"URC",85.4,85.0857142857143,75.2433333333333,"After"
2025-05-08,"CNPF",40,38.9285714285714,37.17,"After"
2025-05-08,"GSMI",293.1005,287.727971428571,290.964743333333,"After"
2025-05-08,"MONDE",7.9,7.76,7.314,"After"
2025-05-09,"JFC",235,230.457142857143,227.246666666667,"After"
2025-05-09,"URC",91.5,86.0571428571429,75.7433333333333,"After"
2025-05-09,"CNPF",40,39.0714285714286,37.14,"After"
2025-05-09,"GSMI",293.2995,289.092428571429,290.75913,"After"
2025-05-09,"MONDE",8.12,7.84857142857143,7.33433333333333,"After"
2025-05-13,"JFC",233,231.057142857143,227.013333333333,"After"
2025-05-13,"URC",93,87.5214285714286,76.3433333333333,"After"
2025-05-13,"CNPF",42,39.6214285714286,37.2266666666667,"After"
2025-05-13,"GSMI",290.5137,289.9452,290.427493333333,"After"
2025-05-13,"MONDE",7.9,7.86571428571429,7.34833333333333,"After"
2025-05-14,"JFC",243.2,233.428571428571,227.36,"After"
2025-05-14,"URC",91.95,88.6571428571429,76.86,"After"
2025-05-14,"CNPF",41.75,40.1642857142857,37.3166666666667,"After"
2025-05-14,"GSMI",290.1158,290.229471428571,290.14892,"After"
2025-05-14,"MONDE",7.13,7.77,7.34266666666667,"After"
2025-05-15,"JFC",245,235.942857142857,227.74,"After"
2025-05-15,"URC",91.95,89.5571428571429,77.4683333333333,"After"
2025-05-15,"CNPF",40.2,40.35,37.355,"After"
2025-05-15,"GSMI",293.4985,290.940128571429,290.016266666667,"After"
2025-05-15,"MONDE",7.07,7.68857142857143,7.339,"After"
2025-05-16,"JFC",245,238.228571428571,228.14,"After"
2025-05-16,"URC",91,90.2428571428571,78.095,"After"
2025-05-16,"CNPF",40.6,40.5785714285714,37.4416666666667,"After"
2025-05-16,"GSMI",293.4985,291.650785714286,289.890246666667,"After"
2025-05-16,"MONDE",7.05,7.60142857142857,7.34033333333333,"After"
2025-05-19,"JFC",240,238.942857142857,228.36,"After"
2025-05-19,"URC",91,90.8285714285714,78.7616666666667,"After"
2025-05-19,"CNPF",40,40.65,37.5216666666667,"After"
2025-05-19,"GSMI",295,292.718071428571,289.74795,"After"
2025-05-19,"MONDE",7.11,7.46857142857143,7.344,"After"
2025-05-20,"JFC",242,240.457142857143,228.426666666667,"After"
2025-05-20,"URC",90,91.4857142857143,79.4283333333333,"After"
2025-05-20,"CNPF",39.65,40.6,37.625,"After"
2025-05-20,"GSMI",295,292.989428571429,289.69851,"After"
2025-05-20,"MONDE",7.08,7.35142857142857,7.339,"After"
2025-05-21,"JFC",243,241.6,228.82,"After"
2025-05-21,"URC",86.6,90.7857142857143,79.9766666666667,"After"
2025-05-21,"CNPF",39.75,40.5642857142857,37.76,"After"
2025-05-21,"GSMI",290,292.518071428571,289.489036666667,"After"
2025-05-21,"MONDE",7.05,7.19857142857143,7.32166666666667,"After"
2025-05-22,"JFC",239,242.457142857143,229.32,"After"
2025-05-22,"URC",83.5,89.4285714285714,80.4483333333333,"After"
2025-05-22,"CNPF",40,40.2785714285714,37.955,"After"
2025-05-22,"GSMI",293,292.873257142857,289.571913333333,"After"
2025-05-22,"MONDE",6.94,7.06142857142857,7.308,"After"
2025-05-23,"JFC",242.8,242.4,229.94,"After"
2025-05-23,"URC",84.1,88.3071428571428,80.9216666666667,"After"
2025-05-23,"CNPF",40.05,40.0357142857143,38.1483333333333,"After"
2025-05-23,"GSMI",295,293.571,289.621963333333,"After"
2025-05-23,"MONDE",6.72,7.00285714285714,7.29233333333333,"After"
2025-05-26,"JFC",241,241.828571428571,231.206666666667,"After"
2025-05-26,"URC",86,87.4571428571429,81.555,"After"
2025-05-26,"CNPF",40.4,40.0642857142857,38.4283333333333,"After"
2025-05-26,"GSMI",295,293.7855,289.771506666667,"After"
2025-05-26,"MONDE",6.68,6.94714285714286,7.29166666666667,"After"
2025-05-27,"JFC",240.2,241.142857142857,231.973333333333,"After"
2025-05-27,"URC",85,86.6,82.145,"After"
2025-05-27,"CNPF",41,40.1214285714286,38.6316666666667,"After"
2025-05-27,"GSMI",295,294,289.92105,"After"
2025-05-27,"MONDE",6.6,6.88285714285714,7.27866666666667,"After"
2025-05-28,"JFC",238.6,240.942857142857,232.766666666667,"After"
2025-05-28,"URC",86,85.8857142857143,82.65,"After"
2025-05-28,"CNPF",39.45,40.0428571428571,38.79,"After"
2025-05-28,"GSMI",295,294,290.13692,"After"
2025-05-28,"MONDE",6.73,6.82857142857143,7.258,"After"
2025-05-29,"JFC",238.4,240.428571428571,233.513333333333,"After"
2025-05-29,"URC",86.75,85.4214285714286,83.145,"After"
2025-05-29,"CNPF",40,40.0928571428571,38.955,"After"
2025-05-29,"GSMI",293.6,293.8,290.306123333333,"After"
2025-05-29,"MONDE",7,6.81714285714286,7.25633333333333,"After"
2025-05-30,"JFC",223,237.571428571429,233.606666666667,"After"
2025-05-30,"URC",84.5,85.1214285714286,83.595,"After"
2025-05-30,"CNPF",39.95,40.1214285714286,39.06,"After"
2025-05-30,"GSMI",294,294.371428571429,290.48866,"After"
2025-05-30,"MONDE",7.6,6.89571428571429,7.27133333333333,"After"
2025-06-02,"JFC",229.4,236.2,233.566666666667,"After"
2025-06-02,"URC",85,85.3357142857143,84.105,"After"
2025-06-02,"CNPF",38.85,39.9571428571429,39.1533333333333,"After"
2025-06-02,"GSMI",289,293.8,290.50453,"After"
2025-06-02,"MONDE",7.2,6.93285714285714,7.27733333333333,"After"
2025-06-03,"JFC",230.6,234.457142857143,233.453333333333,"After"
2025-06-03,"URC",87.5,85.8214285714286,84.655,"After"
2025-06-03,"CNPF",39.2,39.8357142857143,39.2783333333333,"After"
2025-06-03,"GSMI",289,292.942857142857,290.5204,"After"
2025-06-03,"MONDE",7.2,7.00142857142857,7.284,"After"
2025-06-04,"JFC",226.2,232.342857142857,233.2,"After"
2025-06-04,"URC",87.85,86.0857142857143,85.2816666666667,"After"
2025-06-04,"CNPF",39.85,39.7571428571429,39.4066666666667,"After"
2025-06-04,"GSMI",294.8,292.914285714286,290.729603333333,"After"
2025-06-04,"MONDE",7.22,7.07857142857143,7.28966666666667,"After"
2025-06-05,"JFC",230.4,230.942857142857,233.333333333333,"After"
2025-06-05,"URC",87,86.3714285714286,85.815,"After"
2025-06-05,"CNPF",41,39.7571428571429,39.5733333333333,"After"
2025-06-05,"GSMI",294.8,292.885714285714,290.97197,"After"
2025-06-05,"MONDE",7.21,7.16571428571429,7.29366666666667,"After"
2025-06-09,"JFC",228,229.428571428571,233.593333333333,"After"
2025-06-09,"URC",85.2,86.2571428571429,86.2716666666667,"After"
2025-06-09,"CNPF",40,39.8357142857143,39.7066666666667,"After"
2025-06-09,"GSMI",294.8,292.857142857143,291.307196666667,"After"
2025-06-09,"MONDE",7.1,7.21857142857143,7.293,"After"
2025-06-10,"JFC",226,227.657142857143,233.686666666667,"After"
2025-06-10,"URC",86,86.15,86.625,"After"
2025-06-10,"CNPF",39.55,39.7714285714286,39.7916666666667,"After"
2025-06-10,"GSMI",294.6,293,291.642386666667,"After"
2025-06-10,"MONDE",7.19,7.24571428571429,7.29566666666667,"After"
2025-06-11,"JFC",233.8,229.2,233.98,"After"
2025-06-11,"URC",83.15,85.9571428571429,86.6883333333333,"After"
2025-06-11,"CNPF",39.95,39.7714285714286,39.8233333333333,"After"
2025-06-11,"GSMI",295,293.142857142857,291.86489,"After"
2025-06-11,"MONDE",7.14,7.18,7.28533333333333,"After"
2025-06-13,"JFC",226.2,228.742857142857,234.066666666667,"After"
2025-06-13,"URC",82.65,85.6214285714286,86.76,"After"
2025-06-13,"CNPF",39.5,39.8642857142857,39.84,"After"
2025-06-13,"GSMI",292.6,293.657142857143,292.007393333333,"After"
2025-06-13,"MONDE",7.2,7.18,7.28533333333333,"After"
2025-06-16,"JFC",226.2,228.114285714286,234.14,"After"
2025-06-16,"URC",84.55,85.2,86.755,"After"
2025-06-16,"CNPF",39.5,39.9071428571429,39.8566666666667,"After"
2025-06-16,"GSMI",292,294.085714285714,292.28245,"After"
2025-06-16,"MONDE",7.05,7.15857142857143,7.27033333333333,"After"
2025-06-17,"JFC",230.4,228.714285714286,234.193333333333,"After"
2025-06-17,"URC",86.5,85.0071428571429,86.88,"After"
2025-06-17,"CNPF",40.2,39.9571428571429,39.925,"After"
2025-06-17,"GSMI",294.4,294.028571428571,292.610973333333,"After"
2025-06-17,"MONDE",7.1,7.14142857142857,7.24766666666667,"After"
2025-06-18,"JFC",226.8,228.2,234.2,"After"
2025-06-18,"URC",86.85,84.9857142857143,86.975,"After"
2025-06-18,"CNPF",40.1,39.8285714285714,39.9966666666667,"After"
2025-06-18,"GSMI",295,294.057142857143,292.84011,"After"
2025-06-18,"MONDE",7.09,7.12428571428571,7.224,"After"
2025-06-19,"JFC",227.6,228.142857142857,234.206666666667,"After"
2025-06-19,"URC",86,85.1,86.9866666666667,"After"
2025-06-19,"CNPF",40.1,39.8428571428571,40.0366666666667,"After"
2025-06-19,"GSMI",294.6,294.028571428571,293.042646666667,"After"
2025-06-19,"MONDE",7.1,7.12428571428571,7.206,"After"
2025-06-20,"JFC",227,228.285714285714,234.14,"After"
2025-06-20,"URC",86.2,85.1285714285714,86.9866666666667,"After"
2025-06-20,"CNPF",40.25,39.9428571428571,40.0783333333333,"After"
2025-06-20,"GSMI",285.8,292.771428571429,292.95185,"After"
2025-06-20,"MONDE",7.24,7.13142857142857,7.192,"After"
2025-06-23,"JFC",220,226.314285714286,233.64,"After"
2025-06-23,"URC",82,84.9642857142857,86.8233333333333,"After"
2025-06-23,"CNPF",39.3,39.85,40.0716666666667,"After"
2025-06-23,"GSMI",295,292.771428571429,293.200883333333,"After"
2025-06-23,"MONDE",7.11,7.12714285714286,7.161,"After"
2025-06-24,"JFC",226,226.285714285714,233.46,"After"
2025-06-24,"URC",88.2,85.7571428571429,86.9166666666667,"After"
2025-06-24,"CNPF",41,40.0642857142857,40.105,"After"
2025-06-24,"GSMI",294,292.971428571429,293.230866666667,"After"
2025-06-24,"MONDE",7.25,7.13428571428571,7.13933333333333,"After"
2025-06-25,"JFC",222,225.685714285714,233.026666666667,"After"
2025-06-25,"URC",90,86.5357142857143,86.8666666666667,"After"
2025-06-25,"CNPF",40.65,40.2285714285714,40.1266666666667,"After"
2025-06-25,"GSMI",290,292.685714285714,293.120883333333,"After"
2025-06-25,"MONDE",7.36,7.17857142857143,7.114,"After"
2025-06-26,"JFC",223.2,224.657142857143,232.7,"After"
2025-06-26,"URC",87.8,86.7214285714286,86.6933333333333,"After"
2025-06-26,"CNPF",39.9,40.1857142857143,40.0566666666667,"After"
2025-06-26,"GSMI",290,292.057142857143,293.10376,"After"
2025-06-26,"MONDE",7.21,7.19428571428571,7.091,"After"
2025-06-27,"JFC",228.6,224.914285714286,232.213333333333,"After"
2025-06-27,"URC",90,87.1714285714286,86.6283333333333,"After"
2025-06-27,"CNPF",40,40.1714285714286,39.9983333333333,"After"
2025-06-27,"GSMI",285,290.628571428571,292.933233333333,"After"
2025-06-27,"MONDE",7.31,7.22571428571429,7.097,"After"
2025-06-30,"JFC",216,223.257142857143,231.246666666667,"After"
2025-06-30,"URC",89.55,87.6785714285714,86.5483333333333,"After"
2025-06-30,"CNPF",40.25,40.1928571428571,40,"After"
2025-06-30,"GSMI",290,289.971428571429,292.816616666667,"After"
2025-06-30,"MONDE",7.4,7.26857142857143,7.108,"After"
2025-07-01,"JFC",225,222.971428571429,230.58,"After"
2025-07-01,"URC",89.2,88.1071428571429,86.4883333333333,"After"
2025-07-01,"CNPF",40.6,40.2428571428571,40,"After"
2025-07-01,"GSMI",280,289.142857142857,292.366666666667,"After"
2025-07-01,"MONDE",7.28,7.27428571428571,7.11566666666667,"After"
2025-07-02,"JFC",225,223.685714285714,230.08,"After"
2025-07-02,"URC",92,89.5357142857143,86.5216666666667,"After"
2025-07-02,"CNPF",40.5,40.4142857142857,40.0166666666667,"After"
2025-07-02,"GSMI",290,288.428571428571,292.2,"After"
2025-07-02,"MONDE",7.25,7.29428571428571,7.12033333333333,"After"
2025-07-03,"JFC",225,223.542857142857,229.513333333333,"After"
2025-07-03,"URC",91.8,90.05,86.5816666666667,"After"
2025-07-03,"CNPF",40.7,40.3714285714286,40.0516666666667,"After"
2025-07-03,"GSMI",290,287.857142857143,292.033333333333,"After"
2025-07-03,"MONDE",7.12,7.27571428571429,7.12166666666667,"After"
2025-07-04,"JFC",227,224.257142857143,228.98,"After"
2025-07-04,"URC",90.1,90.0642857142857,86.6983333333333,"After"
2025-07-04,"CNPF",39.5,40.2071428571429,40.0433333333333,"After"
2025-07-04,"GSMI",290,287.857142857143,292.033333333333,"After"
2025-07-04,"MONDE",7.29,7.26571428571429,7.12966666666667,"After"
2025-07-07,"JFC",228,224.942857142857,228.613333333333,"After"
2025-07-07,"URC",90.1,90.3928571428571,86.9183333333333,"After"
2025-07-07,"CNPF",39.7,40.1785714285714,40.0333333333333,"After"
2025-07-07,"GSMI",290,287.857142857143,291.933333333333,"After"
2025-07-07,"MONDE",7.35,7.28571428571429,7.14333333333333,"After"
2025-07-08,"JFC",226,224.571428571429,228.053333333333,"After"
2025-07-08,"URC",94,90.9642857142857,87.2483333333333,"After"
2025-07-08,"CNPF",39.4,40.0928571428571,40.0116666666667,"After"
2025-07-08,"GSMI",291,288.714285714286,291.8,"After"
2025-07-08,"MONDE",7.5,7.31285714285714,7.16933333333333,"After"
2025-07-09,"JFC",229,226.428571428571,227.653333333333,"After"
2025-07-09,"URC",96,91.8857142857143,87.5816666666667,"After"
2025-07-09,"CNPF",39.15,39.9357142857143,39.97,"After"
2025-07-09,"GSMI",289.4,288.628571428571,291.613333333333,"After"
2025-07-09,"MONDE",7.46,7.32142857142857,7.19533333333333,"After"
2025-07-10,"JFC",228,226.857142857143,227.246666666667,"After"
2025-07-10,"URC",94.1,92.5857142857143,87.885,"After"
2025-07-10,"CNPF",38.5,39.6357142857143,39.8866666666667,"After"
2025-07-10,"GSMI",290,290.057142857143,291.446666666667,"After"
2025-07-10,"MONDE",7.75,7.38857142857143,7.23366666666667,"After"
2025-07-11,"JFC",227,227.142857142857,226.86,"After"
2025-07-11,"URC",97,93.3,88.2516666666667,"After"
2025-07-11,"CNPF",38,39.2785714285714,39.8383333333333,"After"
2025-07-11,"GSMI",290,290.057142857143,291.28,"After"
2025-07-11,"MONDE",7.85,7.47428571428571,7.271,"After"
2025-07-14,"JFC",229.4,227.771428571429,226.56,"After"
2025-07-14,"URC",98.9,94.3142857142857,88.6566666666667,"After"
2025-07-14,"CNPF",36.85,38.7285714285714,39.7333333333333,"After"
2025-07-14,"GSMI",288,289.771428571429,291.093333333333,"After"
2025-07-14,"MONDE",7.9,7.58571428571429,7.301,"After"
2025-07-15,"JFC",224.6,227.428571428571,226.613333333333,"After"
2025-07-15,"URC",97.3,95.3428571428571,89.0833333333333,"After"
2025-07-15,"CNPF",37.95,38.5071428571429,39.6666666666667,"After"
2025-07-15,"GSMI",286,289.2,290.826666666667,"After"
2025-07-15,"MONDE",7.94,7.67857142857143,7.31233333333333,"After"
2025-07-16,"JFC",219,226.142857142857,226.266666666667,"After"
2025-07-16,"URC",93.4,95.8142857142857,89.3633333333333,"After"
2025-07-16,"CNPF",36.75,38.0857142857143,39.5966666666667,"After"
2025-07-16,"GSMI",287.6,288.857142857143,290.78,"After"
2025-07-16,"MONDE",7.87,7.75285714285714,7.33466666666667,"After"
2025-07-17,"JFC",219,225.142857142857,225.88,"After"
2025-07-17,"URC",92.45,95.5928571428572,89.5283333333333,"After"
2025-07-17,"CNPF",37.2,37.7714285714286,39.53,"After"
2025-07-17,"GSMI",289.8,288.685714285714,290.806666666667,"After"
2025-07-17,"MONDE",7.5,7.75285714285714,7.34466666666667,"After"
2025-07-18,"JFC",219.2,223.742857142857,225.646666666667,"After"
2025-07-18,"URC",92.1,95.0357142857143,89.67,"After"
2025-07-18,"CNPF",37.3,37.5071428571429,39.445,"After"
2025-07-18,"GSMI",289,288.628571428571,290.613333333333,"After"
2025-07-18,"MONDE",7.64,7.77857142857143,7.35866666666667,"After"
2025-07-21,"JFC",222.6,222.971428571429,225.386666666667,"After"
2025-07-21,"URC",95,95.1642857142857,89.9366666666667,"After"
2025-07-21,"CNPF",38,37.4357142857143,39.345,"After"
2025-07-21,"GSMI",280,287.2,290.12,"After"
2025-07-21,"MONDE",7.54,7.74857142857143,7.36966666666667,"After"
2025-07-22,"JFC",224,222.542857142857,225.253333333333,"After"
2025-07-22,"URC",93.25,94.6285714285714,90.205,"After"
2025-07-22,"CNPF",38,37.4357142857143,39.2783333333333,"After"
2025-07-22,"GSMI",286.8,286.742857142857,289.853333333333,"After"
2025-07-22,"MONDE",7.5,7.69857142857143,7.383,"After"
2025-07-23,"JFC",224,221.771428571429,225.186666666667,"After"
2025-07-23,"URC",94,93.9285714285714,90.4716666666667,"After"
2025-07-23,"CNPF",37.9,37.5857142857143,39.2233333333333,"After"
2025-07-23,"GSMI",286,286.457142857143,289.566666666667,"After"
2025-07-23,"MONDE",7.65,7.66285714285714,7.39833333333333,"After"
